<?xml version="1.0" encoding="UTF-8"?>
<project-private xmlns="http://www.netbeans.org/ns/project-private/1">
    <editor-bookmarks xmlns="http://www.netbeans.org/ns/editor-bookmarks/2" lastBookmarkId="0"/>
    <open-files xmlns="http://www.netbeans.org/ns/projectui-open-files/2">
        <group>
            <file>file:/C:/Users/PCnet%20Computers/Documents/NetBeansProjects/CPUScheduler/src/cpuscheduler/CPUScheduler.java</file>
            <file>file:/C:/Users/PCnet%20Computers/Documents/NetBeansProjects/CPUScheduler/src/cpuscheduler/SecondView.fxml</file>
            <file>file:/C:/Users/PCnet%20Computers/Documents/NetBeansProjects/CPUScheduler/src/cpuscheduler/StyleSheetOne.css</file>
            <file>file:/C:/Users/PCnet%20Computers/Documents/NetBeansProjects/CPUScheduler/src/cpuscheduler/Process.java</file>
            <file>file:/C:/Users/PCnet%20Computers/Documents/NetBeansProjects/CPUScheduler/src/cpuscheduler/secondview.css</file>
            <file>file:/C:/Users/PCnet%20Computers/Documents/NetBeansProjects/CPUScheduler/src/cpuscheduler/FXMLDocument.fxml</file>
            <file>file:/C:/Users/PCnet%20Computers/Documents/NetBeansProjects/CPUScheduler/src/cpuscheduler/Data.java</file>
            <file>file:/C:/Users/PCnet%20Computers/Documents/NetBeansProjects/CPUScheduler/src/cpuscheduler/FXMLDocumentController.java</file>
            <file>file:/C:/Users/PCnet%20Computers/Documents/NetBeansProjects/CPUScheduler/src/cpuscheduler/SecondViewController.java</file>
        </group>
    </open-files>
</project-private>
